source_id,source_name,author,title,description,url,urlToImage,publishedAt,content
wired,Wired,"Dell Cameron, Andrew Couts","Mysterious Hack Destroyed 600,000 Internet Routers","Plus: A whistleblower claims the Biden administration falsified a report on Gaza, “Operation Endgame” disrupts the botnet ecosystem, and more.",https://www.wired.com/story/mysterious-hack-600000-routers-destroyed/,"https://media.wired.com/photos/6659f26fe7e92474badab6b8/191:100/w_1280,c_limit/Security-Roundup-Router-Attack-GettyImages-517185157.jpg",2024-06-01T10:30:00Z,"If you have a crypto wallet containing a fortune but forgot the password, all may not be lost. This week, a pair of researchers revealed how they cracked an 11-year-old password to a crypto wallet co… [+5576 chars]"
wired,Wired,Samanth Subramanian,How to Lead an Army of Digital Sleuths in the Age of AI,"Eliot Higgins and his 28,000 forensic foot soldiers at Bellingcat have kept a miraculous nose for truth—and a sharp sense of its limits—in Gaza, Ukraine, and everywhere else atrocities hide online.",https://www.wired.com/story/how-to-lead-army-of-digital-sleuths-age-of-ai/,"https://media.wired.com/photos/66609b9f51e70775068bb362/191:100/w_1280,c_limit/Eliot%20higgins_Portraits%20Selection_The%20Big%20Interview_Wired_@michaelfungphotography-3.jpeg",2024-06-06T07:00:00Z,"So how do we even begin to fix this?
Social media companies need to have the responsibilitylike, legislativelyto have AI detection and flagging as part of the posting process. Not just as something … [+3512 chars]"
wired,Wired,Angela Watercutter,The Limits of the AI-Generated 'Eyes on Rafah' Image,"The “All Eyes on Rafah” image went viral on social media this week, with over 47 million shares on Instagram alone. It's bringing up tough questions about the power of the visuals of war and AI.",https://www.wired.com/story/the-limits-of-the-ai-generated-eyes-on-rafah-image/,"https://media.wired.com/photos/6658f42e98d18af46b82cd65/191:100/w_1280,c_limit/Rafah-Viral-AI-Image-Culture-2154341860.jpg",2024-05-31T11:00:00Z,"As All eyes on Rafah circulated, Shayan Sardarizadeh, a journalist with BBC Verify, posted on X that it has now become the most viral AI-generated image Ive ever seen. Ironic, then, that all those ey… [+3451 chars]"
wired,Wired,Dhruv Mehrotra,Inside the City Policed by Machines,A WIRED analysis of 22 million coordinates mapped out how police drones are used in a California border city. Some residents welcome the robots; others feel they now live in a surveillance dystopia.,https://www.wired.com/story/inside-the-city-policed-by-machines/,"https://media.wired.com/photos/6660c97a6dded1a91f523ce3/191:100/w_1280,c_limit/politics_lab_chula_vista_police_drones.jpg",2024-06-06T10:00:00Z,"During the pandemic, these drones even broadcast messages while flying low over homeless encampments. Unhoused residents say they felt like they were living in a surveillance dystopia.
The drones ar… [+2868 chars]"
,BBC News,,Israeli activists battle over Gaza-bound aid convoys,"Israeli protesters have tried to block border crossings, or even attacked aid convoys bound for Gaza.",https://www.bbc.com/news/articles/cz9950n003yo,https://ichef.bbci.co.uk/news/1024/branded_news/0dbf/live/b207b800-19b5-11ef-baa7-25d483663b8e.jpg,2024-05-25T05:09:01Z,"Paul Adams,Diplomatic correspondent
Watch: Israeli protesters stamp on aid packages destined for Gaza
The war in Gaza is being fought on many fronts.
One of them is aid.
Months after some Israeli… [+5397 chars]"
,BBC News,,Israeli war cabinet minister Benny Gantz quits emergency government,The decision lays bare the deep political divisions in Israel over the war in Gaza,https://www.bbc.com/news/articles/clkkdymdwlvo,https://ichef.bbci.co.uk/news/1024/branded_news/149a/live/40d1a1b0-2689-11ef-a13a-0b8c563da930.jpg,2024-06-09T18:03:04Z,"Israeli war cabinet minister Benny Gantz has quit the emergency government in a row over Prime Minister Benjamin Netanyahu's post-conflict plans for Gaza.
Speaking during a news conference on Sunday… [+608 chars]"
,BBC News,,How Gaza hostage raid ended with Israel striking crowded streets,"Air strikes were called in after special forces became trapped, killing scores of Palestinians.",https://www.bbc.com/news/articles/cv22xvp90nlo,https://ichef.bbci.co.uk/news/1024/branded_news/a185/live/b49f5480-2737-11ef-baa7-25d483663b8e.jpg,2024-06-10T16:24:32Z,"By Jon Donnison, BBC News
Grief in Gaza as scores killed in IDF hostage raid
Two days after Israel's operation to free four of its citizens from central Gaza, more details are emerging of how Satur… [+6489 chars]"
,BBC News,,Hamas seeks commitment to permanent ceasefire in Gaza proposal response,The group told the BBC that it still required a commitment to a permanent ceasefire.,https://www.bbc.com/news/articles/cv225l8l7jzo,https://ichef.bbci.co.uk/news/1024/branded_news/1a2d/live/537ff930-6139-11ee-b101-6f93d6dfbcc2.png,2024-06-11T19:10:56Z,"Hamas says it has submitted its response to a proposed Gaza ceasefire to mediators, with a senior group official telling the BBC that it still requires an Israeli commitment to a permanent ceasefire.… [+1561 chars]"
,BBC News,,US Gaza pier knocked out of action by heavy seas,It is unclear when the US military's floating pier off Gaza's coast will resume operations.,https://www.bbc.com/news/articles/c033m529ry0o,https://ichef.bbci.co.uk/news/1024/branded_news/d592/live/3380bee0-1d1c-11ef-a282-67873d6b8eca.jpg,2024-05-28T18:24:09Z,"Bernd Debusmann Jr,BBC News, White House
A temporary pier built by the US military to deliver aid to Gaza has been damaged by heavy seas and will take at least a week to be repaired, according to US… [+2696 chars]"
,BBC News,,ICRC says 22 killed in strike near its Gaza office,"The International Committee of the Red Cross said the ""grave security incident"" was the latest of several.",https://www.bbc.com/news/articles/cmjj6ej3ne1o,https://ichef.bbci.co.uk/news/1024/branded_news/2b6f/live/c09d9480-3034-11ef-be83-3f21094da991.jpg,2024-06-22T01:33:46Z,"The International Committee of the Red Cross says its offices in Gaza have been damaged by shelling, which killed 22 people who had sought shelter around its compound. 
""Heavy-calibre projectiles la… [+2331 chars]"
bbc-news,BBC News,https://www.facebook.com/bbcnews,How plans for ‘the day after’ could help end war in Gaza,This subject will be on the table when EU and Middle Eastern foreign ministers meet.,https://www.bbc.co.uk/news/world-middle-east-69059863,https://ichef.bbci.co.uk/news/1024/branded_news/72D0/production/_133229392_briefings_promo_lansdale.png,2024-05-25T20:35:27Z,"As shorthands go, ""The Day After"" doesn't immediately tell you what is on the tin. But among diplomats and policymakers, everyone knows its meaning.
It is what happens the day after the fighting sto… [+3325 chars]"
,BBC News,,Netanyahu to address US Congress on 24 July,"The Israeli Prime Minister will speak about his vision for peace in the region, US lawmakers said.",https://www.bbc.com/news/articles/c4nnj93pe4yo,https://ichef.bbci.co.uk/news/1024/branded_news/45ed/live/a866f260-2474-11ef-ad33-970ceb643f56.jpg,2024-06-07T03:01:20Z,"Israeli Prime Minister Benjamin Netanyahu will address US lawmakers in Washington DC on 24 July, congressional leaders announced on Thursday. 
He will speak to both chambers of Congress - the Senate… [+3064 chars]"
,BBC News,,'Forced to speak in a whisper' - Hamas hostage's 'miracle' rescue,Andrey Koslov believed Israeli forces might kill him but was part of a dramatic rescue operation instead.,https://www.bbc.com/news/articles/cerr78nj0mdo,https://ichef.bbci.co.uk/news/1024/branded_news/aa93/live/d42e2b90-28d7-11ef-baa7-25d483663b8e.jpg,2024-06-12T18:44:14Z,"By Yolande Knell, Jerusalem  Anastassia Zlatopolskai, Tel Aviv
Andrey Kozlov was one of four hostages rescued by Israeli forces from central Gaza last weekend
""They were forced to speak in a whispe… [+6838 chars]"
,BBC News,,Former Tory MP backs Labour at general election,"Mark Logan, who is standing down as an MP, says the Tory Party is ""unrecognisable"" from a decade ago.",https://www.bbc.com/news/articles/cd11kvk1je4o,https://ichef.bbci.co.uk/news/1024/branded_news/4505/live/ade52150-1ea0-11ef-822b-27ee4a290614.jpg,2024-05-30T16:34:36Z,"Former Conservative MP Mark Logan has said he is backing Labour at the next general election, saying the party could ""bring back optimism into British life"". 
In an exclusive interview with BBC News… [+3091 chars]"
,BBC News,,SNP manifesto: Key policies analysed,BBC correspondents analyse key policies in the SNP manifesto.,https://www.bbc.com/news/articles/c3ggl375nn7o,https://ichef.bbci.co.uk/news/1024/branded_news/86b8/live/638b6020-2e4e-11ef-90be-b75b34b0bbb2.png,2024-06-19T21:53:42Z,"By David Henderson, @djshenderson, BBC Scotland political correspondent 
The Scottish National Party (SNP) has launched its 2024 election manifesto, in which leader John Swinney said a vote for his … [+10473 chars]"
,BBC News,,EU elections start with tight Dutch race - exit poll,"As 27 EU countries vote over four days, exit polls suggest a narrow defeat for the Dutch far right.",https://www.bbc.com/news/articles/c3ggn4exnr0o,https://ichef.bbci.co.uk/news/1024/branded_news/ab49/live/4885fdf0-244c-11ef-80aa-699d54c46324.jpg,2024-06-06T22:32:12Z,"Dutch voters have begun four days of voting across the European Union, with exit polls suggesting a tight race between a left-green alliance and the party of anti-Islam populist Geert Wilders.
Right… [+3578 chars]"
bbc-news,BBC News,https://www.facebook.com/bbcnews,Joe Biden gives statement on Israel-Gaza war,The US President is speaking at the White House - watch and follow live.,https://www.bbc.co.uk/news/live/world-us-canada-69081352,https://m.files.bbci.co.uk/modules/bbc-morph-news-waf-page-meta/5.3.0/bbc_news_logo.png,2024-05-31T16:49:55Z,"Air strikes against targets in Rafah have been carried out in recent daysImage caption: Air strikes against targets in Rafah have been carried out in recent days
Biden's statement comes as Israel pr… [+706 chars]"
,BBC News,,No sign Israel will change course after Gaza ruling,Israel condemns a ruling by the International Court of Justice ordering it to stop its offensive.,https://www.bbc.com/news/articles/cllljg70m23o,https://ichef.bbci.co.uk/news/1024/branded_news/2461/live/2ea7d7f0-19ed-11ef-a13a-0b8c563da930.jpg,2024-05-24T16:46:12Z,"This was the outcome Israel sought to avoid: a demand to halt a military operation the government regards as essential for the defeat of Hamas and the return of hostages.
But there is no immediate i… [+2578 chars]"
,BBC News,,Biden unveils Israeli proposal to end Gaza war,It would begin with a six-week ceasefire and the withdrawal of IDF forces from populated areas.,https://www.bbc.com/news/articles/cw8860gn1nwo,https://ichef.bbci.co.uk/news/1024/branded_news/c39c/live/f3931de0-1f7e-11ef-80cd-998e0e06cbcc.jpg,2024-05-31T19:43:35Z,"Bernd Debusmann Jr &amp; Tom Bateman ,BBC News, Washington 
US President Joe Biden has urged Hamas to accept a new Israeli proposal to end the conflict in Gaza, saying that ""it's time for this war t… [+3853 chars]"
bbc-news,BBC News,https://www.facebook.com/bbcnews,Four hostages seized at Nova festival freed in Gaza raid,Israel says the daylight operation was planned for weeks and was conducted under heavy fire.,https://www.bbc.co.uk/news/live/world-europe-69102543,https://m.files.bbci.co.uk/modules/bbc-morph-news-waf-page-meta/5.3.0/bbc_news_logo.png,2024-06-08T12:12:53Z,"Four hostages who were kidnapped by Hamas from the Nova music festival on 7 October, have been rescued during a day-time raid in central Gaza. 
Noa Argamani, 26, Almog Meir Jan, 22, Andrei Kozlov, 2… [+654 chars]"
,BBC News,,Israel announces military pause on Gaza road to let in aid,The pause will last for several hours every day along a main route from the Kerem Shalom crossing.,https://www.bbc.com/news/articles/cgeepk8rp9xo,https://ichef.bbci.co.uk/news/1024/branded_news/5b21/live/d97dc360-2ba9-11ef-ba4c-51f175d80f57.png,2024-06-16T07:24:56Z,"The Israeli military says it will hold a daily ""tactical pause of military activity"" along a road in southern Gaza to enable more humanitarian aid to enter.
The pauses, which are said to have begun … [+3747 chars]"
,BBC News,,Hadid sisters donate $1m to Palestinian aid effort,Supermodel sisters Bella and Gigi Hadid donate 1m dollars to Palestinian aid agencies,https://www.bbc.com/news/articles/cj772xzl3xdo,https://ichef.bbci.co.uk/news/1024/branded_news/4775/live/93c14290-2030-11ef-8358-83c11746bfe1.jpg,2024-06-01T17:13:55Z,"Guy Lambert,Entertainment Reporter, @guybertie
US supermodel sisters Bella and Gigi Hadid are donating $1m (£785,000) to support Palestinian relief efforts.
A representative for Bella said the mone… [+2136 chars]"
,BBC News,,Mass graves and body bags: al-Shifa hospital after Israel withdrew its forces,The BBC has gained insight into what al-Shifa hospital is like since Israeli forces withdrew.,https://www.bbc.com/news/articles/c511k1nqx81o,https://ichef.bbci.co.uk/news/1024/branded_news/803d/live/09803cf0-2272-11ef-a1f2-47207c8bf210.jpg,2024-06-05T05:41:13Z,"Yolande Knell,Rushdi Abu Alouf 
Israeli forces pulled out of Gaza City's al-Shifa Hospital in April
After Israeli forces pulled out of Gaza Citys vast al-Shifa hospital complex on 1 April, followin… [+10636 chars]"
,BBC News,,Three police hurt and 40 arrests at pro-Palestinian march in London,"One officer was left with a serious facial injury when she was hit with a bottle, police say.",https://www.bbc.com/news/articles/c511repj004o,https://ichef.bbci.co.uk/news/1024/branded_news/20fc/live/e84229c0-1d64-11ef-9a5b-cf397db5bd66.jpg,2024-05-29T02:57:04Z,"Three police officers were injured and 40 people have been arrested during a demonstration in Westminster. 
One officer suffered a serious facial injury after she was hit with a bottle thrown from w… [+1134 chars]"
,BBC News,,G7 plans to use frozen Russian assets to fund Ukraine,"The plan would see Ukraine given the money in a loan, secured by the interest on frozen Russian assets.",https://www.bbc.com/news/articles/cv2203d44rlo,https://ichef.bbci.co.uk/news/1024/branded_news/2dad/live/49d96080-2950-11ef-be7f-599ad837398b.jpg,2024-06-13T06:56:41Z,"Leaders from seven of the world's richest nations are gathering in Italy for a summit expected to agree a plan to use frozen Russian assets to raise billions of dollars for Ukraine.
The US proposal … [+2881 chars]"
,BBC News,,Network of X users smears politicians with deepfake clips,"The group also posts misleading comments to boost the credibility of its false, politically damaging videos.",https://www.bbc.com/news/articles/cg33x9jm02ko,https://ichef.bbci.co.uk/news/1024/branded_news/457a/live/d3ad5340-242b-11ef-a13a-0b8c563da930.png,2024-06-07T05:05:21Z,"Marianna Spring,BBC disinformation and social media correspondent
Reform UK leader Nigel Farage and Labour's Wes Streeting were targeted with deepfake clips
A network of accounts on X has been crea… [+9404 chars]"
,BBC News,,Workers Party launches campaign with attack on Labour,"Leader George Galloway says Labour's Keir Starmer is ""indistinguishable"" from Rishi Sunak.",https://www.bbc.com/news/articles/cxwwkrykv0zo,https://ichef.bbci.co.uk/news/1024/branded_news/cd76/live/944e84e0-2024-11ef-a6ef-71174ec8e5ed.jpg,2024-06-01T14:48:27Z,"George Galloway has launched the Workers Party of Britain's general election campaign with an attack on Labour. 
He told supporters Labour leader Sir Keir Starmer was ""indistinguishable"" from Rishi … [+3149 chars]"
,BBC News,,"'Reckless' to say Trump trial 'was rigged', says Biden",President Joe Biden defends the justice system during his first comments on Trump's guilty verdict.,https://www.bbc.com/news/articles/cd11k751glno,https://ichef.bbci.co.uk/news/1024/branded_news/0a74/live/429699b0-1f77-11ef-80aa-699d54c46324.jpg,2024-05-31T19:26:02Z,"US President Joe Biden called Donald Trump's comments about his ""rigged"" conviction ""reckless"" during his first public remarks about the guilty verdict. 
Mr Biden defended the justice system after t… [+2318 chars]"
,BBC News,,Pledges delayed and some early slip-ups: Sunak's first days on the campaign trail,"As is often the case in political campaigns, things don’t always stick to the script.",https://www.bbc.com/news/articles/c3ggxldmngko,https://ichef.bbci.co.uk/news/1024/branded_news/d42c/live/177f7db0-1a03-11ef-baa7-25d483663b8e.jpg,2024-05-24T19:40:40Z,"Elections are like nothing else in politics. Theyre manic; politicians whizzing around the country, from town to town, city to city, trying to set the agenda and control the narrative.
Rishi Sunak w… [+2646 chars]"
,BBC News,,Green Party manifesto: 11 key policies analysed,BBC correspondents analyse key policies in the Green Party manifesto.,https://www.bbc.com/news/articles/czddq40z2zno,https://ichef.bbci.co.uk/news/1024/branded_news/c006/live/de3a2750-28a6-11ef-a13a-0b8c563da930.png,2024-06-12T19:15:01Z,"The Green Party of England and Wales have launched their 2024 election manifesto. The document sets out what the party's plans would be, should it win the election on 4 July.
Here BBC correspondents… [+11983 chars]"
,BBC News,,Labour's long war inflicts Starmer's first campaign stumble,The furore over Diane Abbott has exposed long-running divisions in the Labour Party,https://www.bbc.com/news/articles/c7220exjzvno,https://ichef.bbci.co.uk/news/1024/branded_news/43a6/live/a14b3230-1f96-11ef-80aa-699d54c46324.png,2024-05-31T23:04:54Z,"Well have to take them apart, piece by piece.
A former Labour cabinet minister almost spat the words out in anger. I have never forgotten that conversation, even though it was nearly 10 years ago, b… [+12661 chars]"
,NPR,The Associated Press,Israel says it has rescued 4 hostages held in Gaza,"Israel said Saturday it rescued four hostages who were kidnapped in a Hamas-led attack on Oct. 7. The hostages were rescued in two separate locations in the heart of Nuseirat, it said.",https://www.npr.org/2024/06/08/nx-s1-4997026/israel-gaza-hostages-rescued,https://npr.brightspotcdn.com/dims3/default/strip/false/crop/6720x3780+0+461/resize/1400/quality/100/format/jpeg/?url=http%3A%2F%2Fnpr-brightspot.s3.amazonaws.com%2Ff4%2F98%2Fb1ae35e04adebdf2425fc288ec10%2Fap24158296327805.jpg,2024-06-08T11:12:11Z,"JERUSALEM Israel said Saturday it rescued four hostages who were kidnapped in a Hamas-led attack on Oct. 7, in the largest such hostage recovery operation since the war with Hamas began in Gaza.
The… [+2284 chars]"
,NPR,Emma Bowman,U.S. Army aid vessels become unmoored near floating Gaza pier,"Rough seas drove two vessels to beach in Israel and two others to anchor on a Gaza beach. Israeli forces are assisting recovery operations near the pier, U.S. officials said. There were no injuries.",https://www.npr.org/2024/05/25/nx-s1-4981449/u-s-army-vessels-beached-israel-gaza,https://npr.brightspotcdn.com/dims3/default/strip/false/crop/7203x4052+0+375/resize/1400/quality/100/format/jpeg/?url=http%3A%2F%2Fnpr-brightspot.s3.amazonaws.com%2Fff%2F63%2F4737dde14dd39c3d5a8ea556ea03%2Fap24137554131684.jpg,2024-05-25T21:01:28Z,"Four U.S. Army vessels supporting the humanitarian floating pier mission in Gaza became unmoored by rough seas, military officials said.
Two vessels are now anchored on a Gaza beach near the pier, U… [+1134 chars]"
,NPR,NPR,Gaza baker flees Rafah with nearly 1 million other Palestinians,"A professional baker in Gaza has been making cakes to celebrate life amid war. He fled an Israeli offensive in Rafah, along with nearly 1 million other Palestinians, and set up a makeshift bakery near a displaced persons camp.",https://www.npr.org/2024/06/07/nx-s1-4992270/gaza-baker-flees-rafah-with-nearly-1-million-other-palestinians,https://media.npr.org/include/images/facebook-default-wide-s1400-c100.jpg,2024-06-07T21:11:45Z,"A professional baker in Gaza has been making cakes to celebrate life amid war. He fled an Israeli offensive in Rafah, along with nearly 1 million other Palestinians, and set up a makeshift bakery nea… [+26 chars]"
,NPR,Jane Arraf,An aid kitchen in Gaza is trying to stay afloat amidst growing restrictions,The aid group Rebuilding Alliance has relocated to central Gaza from Rafah and is struggling to feed people in need.,https://www.npr.org/2024/06/09/nx-s1-4982832/an-aid-kitchen-in-gaza-is-trying-to-stay-afloat-amidst-growing-restrictions,https://media.npr.org/include/images/facebook-default-wide-s1400-c100.jpg,2024-06-09T12:05:36Z,The aid group Rebuilding Alliance has relocated to central Gaza from Rafah and is struggling to feed people in need.
,NPR,Megan Lim,USAID says it will send $90 million in aid to Gaza,The U.S Agency for International Development says that it will be sending $90 million to aid Palestinians in Gaza. The announcement comes amid growing concerns of famine.,https://www.npr.org/2024/06/05/nx-s1-4993779/usaid-says-it-will-send-90-million-in-aid-to-gaza,https://media.npr.org/include/images/facebook-default-wide-s1400-c100.jpg,2024-06-05T21:06:31Z,The U.S Agency for International Development says that it will be sending $90 million to aid Palestinians in Gaza. The announcement comes amid growing concerns of famine.
,NPR,Ayesha Rascoe,Israel rescues 4 hostages in operation that kills over 270 Gazans,"An Israeli rescue operation freed four Israeli hostages and, according to sources at a hospital in Gaza, resulted in the deaths of more than 200 people.",https://www.npr.org/2024/06/09/nx-s1-4997130/israel-rescues-4-hostages-in-operation-that-kills-over-270-gazans,https://media.npr.org/include/images/facebook-default-wide-s1400-c100.jpg,2024-06-09T12:05:48Z,"An Israeli rescue operation freed four Israeli hostages and, according to sources at a hospital in Gaza, resulted in the deaths of more than 200 people."
,NPR,Scott Detrow,Israeli forces rescue four hostages in 'complex' operation,"Israeli forces rescued four hostages from Gaza on Saturday, in a “complex special daytime operation,” according to a statement put out by Israeli officials.",https://www.npr.org/2024/06/08/nx-s1-4997121/israeli-forces-rescue-four-hostages-in-complex-operation,https://media.npr.org/include/images/facebook-default-wide-s1400-c100.jpg,2024-06-08T21:15:23Z,"Israeli forces rescued four hostages from Gaza on Saturday, in a complex special daytime operation, according to a statement put out by Israeli officials."
,NPR,Clay Masters,What's next for uncommitted movement?,Uncommitted delegates are planning how to influence the Democratic National Convention in August after voters cast primary ballots to protest President Biden's handling of the war in Gaza.,https://www.npr.org/2024/06/14/nx-s1-4996406/whats-next-for-uncommitted-movement,https://media.npr.org/include/images/facebook-default-wide-s1400-c100.jpg,2024-06-14T20:10:37Z,Uncommitted delegates are planning how to influence the Democratic National Convention in August after voters cast primary ballots to protest President Biden's handling of the war in Gaza.
,NPR,Scott Neuman,"In Gaza, months of war have left Palestinians with barely the necessities to survive","Housing, medical care, schools, water and electricity are all in short supply in Gaza, which has endured a nearly eight-month siege by Israeli forces.",https://www.npr.org/2024/06/01/g-s1-1780/gaza-israel-infrastructure-water-schools-hospitals,https://npr.brightspotcdn.com/dims3/default/strip/false/crop/5472x3078+0+285/resize/1400/quality/100/format/jpeg/?url=http%3A%2F%2Fnpr-brightspot.s3.amazonaws.com%2F7a%2Ff9%2Febf5617c48888bad282d5fa575b5%2Fgettyimages-2154691212.jpg,2024-06-01T09:00:00Z,"Amid Israel's bombardment of Gaza that has followed Hamas' Oct. 7 attack, much of the enclave's already fragile infrastructure water and electricity, as well as housing, hospitals, and schools has be… [+5186 chars]"
,NPR,Daniel Estrin,A Gaza zoo owner had to flee amid war... leaving some animals behind,"A Gaza zoo owner is calling for help rescuing three lions left behind in Rafah, amid an Israeli offensive on Hamas in the city.",https://www.npr.org/2024/06/14/nx-s1-4998278/a-gaza-zoo-owner-had-to-flee-amid-war-leaving-some-animals-behind,https://media.npr.org/include/images/facebook-default-wide-s1400-c100.jpg,2024-06-14T20:10:46Z,"A Gaza zoo owner is calling for help rescuing three lions left behind in Rafah, amid an Israeli offensive on Hamas in the city."
,NPR,Kat Lonsdorf,Benny Gantz resigns as Israeli war cabinet member,Gantz followed through on his plan to resign from Prime Minister Benjamin Netanyahu's emergency government on Sunday citing its failure to advance a plan to defeat Hamas in Gaza.,https://www.npr.org/2024/06/09/g-s1-3634/benny-gantz-israeli-war-cabinet-steps-down,https://npr.brightspotcdn.com/dims3/default/strip/false/crop/6000x3375+0+313/resize/1400/quality/100/format/jpeg/?url=http%3A%2F%2Fnpr-brightspot.s3.amazonaws.com%2F69%2Ffc%2Fb27851b542ccb5d21f75c99b2717%2Fgettyimages-2059118672.jpg,2024-06-09T20:14:14Z,"TEL AVIV Benny Gantz, a key member of Israel's war cabinet and longtime rival of Prime Minister Benjamin Netanyahu, announced his resignation from Netanyahus government on Sunday evening. The announc… [+2452 chars]"
,NPR,Associated Press,Aid trucks begin entering Gaza under agreement with Egypt to bypass Rafah,Aid trucks entered Gaza from southern Israel on Sunday through a new agreement to bypass the Rafah crossing with Egypt after Israeli forces seized the Palestinian side of it earlier this month.,https://www.npr.org/2024/05/26/g-s1-1069/aid-trucks-begin-entering-gaza-under-agreement-with-egypt-to-bypass-rafah,https://npr.brightspotcdn.com/dims3/default/strip/false/crop/8640x4860+0+900/resize/1400/quality/100/format/jpeg/?url=http%3A%2F%2Fnpr-brightspot.s3.amazonaws.com%2F84%2F45%2F2f4987f64f3ba7570b9058160e76%2Fap24146783870933.jpg,2024-05-26T10:41:28Z,"DEIR AL-BALAH, Gaza Strip (AP) Aid trucks entered Gaza from southern Israel on Sunday through a new agreement to bypass the Rafah crossing with Egypt after Israeli forces seized the Palestinian side … [+5465 chars]"
,NPR,Associated Press,"Aid is delivered to Gaza from newly repaired US-built pier, US military says","The first aid from an American-built pier arrived in Gaza since storm damage required repairs to the project, the U.S. military said, relaunching an effort to bring supplies to Palestinians.",https://www.npr.org/2024/06/09/g-s1-3619/aid-is-delivered-to-gaza-from-newly-repaired-us-built-pier-us-military-says,https://npr.brightspotcdn.com/dims3/default/strip/false/crop/6000x3375+0+310/resize/1400/quality/100/format/jpeg/?url=http%3A%2F%2Fnpr-brightspot.s3.amazonaws.com%2F88%2F8b%2Fc8baddde430682a0bf1264f70516%2Fap24160845921602.jpg,2024-06-09T05:08:55Z,"WASHINGTON The first aid from an American-built pier arrived in Gaza on Saturday since storm damage required repairs to the project, the U.S. military said, relaunching an effort to bring supplies to… [+4448 chars]"
,NPR,The Associated Press,"Gaza pier for aid deliveries reconnected after repairs, U.S. Central Command says","A section of the U.S.-built pier designed to carry badly needed aid into Gaza broke apart in storms and rough seas. Food and other supplies will begin to flow soon, U.S. Central Command said Friday.",https://www.npr.org/2024/06/08/g-s1-3560/gaza-pier-us-central-command,https://npr.brightspotcdn.com/dims3/default/strip/false/crop/2859x1608+0+90/resize/1400/quality/100/format/jpeg/?url=http%3A%2F%2Fnpr-brightspot.s3.amazonaws.com%2F6e%2F45%2F638d05594defb3f7947c6d5919ec%2Fap24149609530466.jpg,2024-06-08T05:13:19Z,WASHINGTON The U.S. military-built pier designed to carry badly needed aid into Gaza by boat has been reconnected to the beach in the besieged territory after a section broke apart in storms and roug… [+4161 chars]
,NPR,Suzanne Nuyen,Israel strikes U.N-run school in Gaza; a Georgia clinic cares for the uninsured,Israel launched an airstrike on a U.N.-run school in Gaza as part of a new ground and air operation. A health clinic in Georgia specializes in caring for the uninsured.,https://www.npr.org/2024/06/06/g-s1-3133/up-first-newsletter-israel-gaza-un-school-airstrike-insurance-health-care,https://npr.brightspotcdn.com/dims3/default/strip/false/crop/6720x3780+0+428/resize/1400/quality/100/format/jpeg/?url=http%3A%2F%2Fnpr-brightspot.s3.amazonaws.com%2Fcf%2F73%2Ff5a1e843484b896ee1b85fcee401%2Fap24158296516406.jpg,2024-06-06T12:06:27Z,"Good morning. You're reading the Up First newsletter. Subscribe here to get it delivered to your inbox, and listen to the Up First podcast for all the news you need to start your day.
Today's top st… [+4554 chars]"
,NPR,Chuck Quirmbach,Wisconsin's uninstructed movement plans to keep pushing for an end to the war in Gaza,"Uninstructed voters in Wisconsin didn't have a strong enough primary showing to gain delegates to the Democrat's convention, but they say they can still pressure the president to end the war in Gaza.",https://www.npr.org/2024/06/14/nx-s1-5003931/wisconsins-uninstructed-movement-plans-to-keep-pushing-for-an-end-to-the-war-in-gaza,https://media.npr.org/include/images/facebook-default-wide-s1400-c100.jpg,2024-06-14T09:15:56Z,"Uninstructed voters in Wisconsin didn't have a strong enough primary showing to gain delegates to the Democrat's convention, but they say they can still pressure the president to end the war in Gaza."
,NPR,Marc Rivers,Will the generational divide on support for Israel impact the presidential election?,"Biden faces waning support with voters under age 30, but his performance with older Americans is stronger. The generational split comes amid increased criticism for his response to the war in Gaza.",https://www.npr.org/2024/06/13/nx-s1-5002105/will-the-generational-divide-on-support-for-israel-impact-the-presidential-election,https://media.npr.org/include/images/facebook-default-wide-s1400-c100.jpg,2024-06-13T20:10:43Z,"Biden faces waning support with voters under age 30, but his performance with older Americans is stronger. The generational split comes amid increased criticism for his response to the war in Gaza."
,NPR,The Associated Press,Australia's prime minister condemns vandalism of U.S. Consulate over war in Gaza,"CCTV footage showed a person wearing a hoodie using a sledgehammer to smash holes in the reinforced glass windows of the building, police said.",https://www.npr.org/2024/06/10/g-s1-3664/australia-leader-condemns-vandalism-us-consulate-gaza,https://npr.brightspotcdn.com/dims3/default/strip/false/crop/8640x4860+0+520/resize/1400/quality/100/format/jpeg/?url=http%3A%2F%2Fnpr-brightspot.s3.amazonaws.com%2Ffd%2F4c%2Fc12109994dfb89be649c02a99081%2Fap24162174657513.jpg,2024-06-10T09:08:54Z,"SYDNEY Australian Prime Minister Anthony Albanese urged activists on both sides of the Israel-Palestinian debate to turn the heat down after the U.S. Consulate in Sydney was vandalized on Monday.
CC… [+1365 chars]"
,NPR,The Associated Press,8 Israeli soldiers killed in Gaza in deadliest attack on Israeli forces in months,"The attack, coming more than eight months into a grinding war that shows few signs of ending soon, was likely to fuel new calls by Israeli protesters for a cease-fire.",https://www.npr.org/2024/06/15/nx-s1-5007398/israeli-soldiers-killed-gaza,https://npr.brightspotcdn.com/dims3/default/strip/false/crop/7747x4358+0+404/resize/1400/quality/100/format/jpeg/?url=http%3A%2F%2Fnpr-brightspot.s3.amazonaws.com%2F04%2Fe6%2Ff9ba1fce462689506b787b8351e5%2Fap24167616117274.jpg,2024-06-15T22:56:27Z,"JERUSALEM An explosion in southern Gaza killed eight Israeli soldiers, the military said Saturday, making it the deadliest attack on Israeli forces in months.
The attack, coming more than eight mont… [+5809 chars]"
,NPR,Fatma Tanis,Are we doing better on child hunger? A sweeping UNICEF report weighs in,A new report shows that tens of millions of children around the world are not getting enough to eat. This leaves a staggering number of kids under five with diseases associated with malnutrition which often impair a child's development and therefore  their fu…,https://www.npr.org/sections/goats-and-soda/2024/06/06/g-s1-2747/are-we-doing-better-on-child-hunger-a-sweeping-unicef-report-weighs-in,https://npr.brightspotcdn.com/dims3/default/strip/false/crop/5548x3121+0+440/resize/1400/quality/100/format/jpeg/?url=http%3A%2F%2Fnpr-brightspot.s3.amazonaws.com%2Fda%2F91%2F93d93a344d38b9d73fa7e87c803b%2Fgettyimages-1208875253-1.jpg,2024-06-06T14:01:58Z,"We often hear that many children in the world aren't getting enough to eat. But what does that mean exactly and what does 'not enough' look like?
In parts of East Africa, it means babies are fed som… [+6397 chars]"
,NPR,Bobby Allyn,‘All eyes on Rafah’ is the Internet's most viral AI meme. 2 artists are claiming credit.,"The image, with over 50 million shares, is considered the most viral ever AI-generated photo. Tracing the image’s history has revealed a rift over its true creator.<br>",https://www.npr.org/2024/06/02/g-s1-2455/all-eyes-on-rafah-most-viral-ai-meme-malaysia-artists-claim-credit,https://npr.brightspotcdn.com/dims3/default/strip/false/crop/1430x804+0+0/resize/1400/quality/100/format/jpeg/?url=http%3A%2F%2Fnpr-brightspot.s3.amazonaws.com%2F0e%2Fa2%2F45c62d054bb7b566427c908bbf32%2Frafah-duo-label.jpg,2024-06-03T16:15:06Z,"Two Malaysians separated by 900 miles are both taking credit for a synthetic image of Gaza that became the most viral ever AI-generated photo, underscoring the complexities of authorship and ownershi… [+7161 chars]"
,NPR,Juliana Kim,"During West Point commencement speech, Biden applauds U.S. military role abroad","President Biden delivered his first commencement speech as commander-in-chief to the U.S. Military Academy at West Point. There, he did not shy away from discussing the growing conflict in Europe and the Middle East.",https://www.npr.org/2024/05/25/nx-s1-4981250/biden-west-point-speech-military-role,https://npr.brightspotcdn.com/dims3/default/strip/false/crop/3467x1950+0+0/resize/1400/quality/100/format/jpeg/?url=http%3A%2F%2Fnpr-brightspot.s3.amazonaws.com%2F6d%2Fc5%2Fc2bd24cf45bebfcf02888603e2b5%2Fgettyimages-2154608328.jpg,2024-05-25T18:51:23Z,"In his first commencement speech to the U.S. Military Academy at West Point as as commander-in-chief, President Biden on Saturday spoke directly about the ongoing conflicts in Europe and the Middle E… [+2767 chars]"
,NPR,The Associated Press,14 pilgrims die from sunstroke as Eid al-Adha celebrations begin for Muslims,"The Saudi Health Ministry said more than 2,760 pilgrims suffered from sunstroke and heat stress on Sunday alone and the number is likely to increase as Hajj ends.",https://www.npr.org/2024/06/17/nx-s1-5008581/14-dead-hajj-mecca-muslims-eid-al-adha-saudi-arabia,https://npr.brightspotcdn.com/dims3/default/strip/false/crop/7754x4362+0+404/resize/1400/quality/100/format/jpeg/?url=http%3A%2F%2Fnpr-brightspot.s3.amazonaws.com%2Fe8%2F69%2Ff720688547cb946978849ba31af6%2Fap24168388195497.jpg,2024-06-17T05:48:10Z,"MINA, Saudi Arabia Masses of pilgrims on Sunday embarked on a symbolic stoning of the devil in Saudi Arabia under the soaring summer heat. The ritual marks the final days of the Hajj, or Islamic pilg… [+7438 chars]"
,NPR,Asma Khalid,"In Georgia, Biden’s coalition has frayed since his narrow win in 2020","President Biden eked out a win in Georgia last time, a victory that helped take him over the top in the Electoral College. But there are some warning signs it could be hard to do it again in 2024.",https://www.npr.org/2024/05/25/nx-s1-4841155/biden-georgia-2024-black-voters,https://npr.brightspotcdn.com/dims3/default/strip/false/crop/7014x3945+0+0/resize/1400/quality/100/format/jpeg/?url=http%3A%2F%2Fnpr-brightspot.s3.amazonaws.com%2F48%2F30%2Ff03c1e11408b8944066cc59afd66%2Fgettyimages-2153008767.jpg,2024-05-25T11:21:24Z,"Four years ago, Rev. James Woodall was driven to mobilize new, first-time voters to back Joe Biden during a summer of unrest sparked by COVID-19 fears and racial justice protests after George Floyd w… [+6552 chars]"
,NPR,Suzanne Nuyen,50% of U.S. military bases face health care access issues; Tony Awards takeaways,"An NPR investigation found that 50% of U.S. military bases are in so-called ""health care deserts."" There weren't any surprises at last night's Tony Awards — except for the winner of Best Musical.",https://www.npr.org/2024/06/17/g-s1-4754/up-first-newsletter-us-military-health-deserts-tony-award-winners-takeaways,https://npr.brightspotcdn.com/dims3/default/strip/false/crop/2817x1585+0+102/resize/1400/quality/100/format/jpeg/?url=http%3A%2F%2Fnpr-brightspot.s3.amazonaws.com%2Fbc%2Fec%2F121680b948818581aeb72655d294%2Fgettyimages-2156255452.jpg,2024-06-17T11:56:18Z,"Good morning. You're reading the Up First newsletter. Subscribe here to get it delivered to your inbox, and listen to the Up First podcast for all the news you need to start your day.
Today's top st… [+5289 chars]"
,NPR,Barbara Sprunt,Israel’s Netanyahu to address a joint session of Congress on July 24,"The speech from Israel's prime minister is likely to be contentious, with some Democratic members of Congress already signaling plans to boycott.",https://www.npr.org/2024/06/07/g-s1-3387/netanyahu-congress-address,https://npr.brightspotcdn.com/dims3/default/strip/false/crop/4000x2250+0+627/resize/1400/quality/100/format/jpeg/?url=http%3A%2F%2Fnpr-brightspot.s3.amazonaws.com%2F92%2Faa%2F78acf4e6408992a8f9b0c5d1ab77%2Fgettyimages-2152078934.jpg,2024-06-07T13:35:06Z,"Israeli Prime Minister Benjamin Netanyahu is scheduled to address a joint session of Congress on July 24 as his country continues to wage war against Hamas in the aftermath of the Oct. 7 attacks.
Al… [+2903 chars]"
,NPR,Adrian Florido,Chants of 'intifada' ring out from pro-Palestinian protests. But what's it mean?,Chants calling for “intifada” have been a prominent feature of pro-Palestinian student protests. It’s a charged word whose use is perceived differently by people with opposing views of the Israeli-Palestinian conflict.,https://www.npr.org/2024/06/01/nx-s1-4958278/intifada-chants-pro-palestinian-protests-israel,https://npr.brightspotcdn.com/dims3/default/strip/false/crop/2922x1644+0+355/resize/1400/quality/100/format/jpeg/?url=http%3A%2F%2Fnpr-brightspot.s3.amazonaws.com%2F76%2F27%2Fc89f9f124992ba37b73debbff657%2Fimg-6733.jpg,2024-06-01T10:00:00Z,"NEW YORK The chants at a recent pro-Palestinian protest at Columbia University were loud and defiant.
Intifada! Intifada! Long live the intifada!
That term is one of many that have become points of… [+5715 chars]"
,NPR,Suzanne Nuyen,U.S. prices far outpace paychecks; centuries-old fruit found at Washington’s home,"Median home prices were about five times the median income last year, according to a Harvard report, and it could get worse. And centuries-old cherries were discovered at George Washington’s home.",https://www.npr.org/2024/06/20/g-s1-5327/up-first-newsletter-us-home-prices-cherries-george-washington,https://npr.brightspotcdn.com/dims3/default/strip/false/crop/5875x3305+0+240/resize/1400/quality/100/format/jpeg/?url=http%3A%2F%2Fnpr-brightspot.s3.amazonaws.com%2F28%2F99%2Fbb6b1f3e4fd99a62fc17dee7d998%2Fgettyimages-1176399197.jpg,2024-06-20T12:21:16Z,"Good morning. You're reading the Up First newsletter. Subscribe here to get it delivered to your inbox, and listen to the Up First podcast for all the news you need to start your day.
Today's top st… [+5644 chars]"
,NPR,NPR,Mexico's first female president; a Georgia cancer patient's Medicaid struggle,Mexico makes history with its first female president. How an extra $30 a month kept a cancer patient from qualifying for Medicaid.,https://www.npr.org/2024/06/03/g-s1-2500/up-first-newsletter-mexico-election-first-female-president-georgia-medicaid,https://npr.brightspotcdn.com/dims3/default/strip/false/crop/4459x2508+0+190/resize/1400/quality/100/format/jpeg/?url=http%3A%2F%2Fnpr-brightspot.s3.amazonaws.com%2Fd6%2Fd7%2F81ed42e1429c8fae28ca4ad5f3a6%2Fap24155238683907.jpg,2024-06-03T11:51:01Z,"Good morning. You're reading the Up First newsletter. Subscribe here to get it delivered to your inbox, and listen to the Up First podcast for all the news you need to start your day.
Today's top st… [+5002 chars]"
,NPR,Suzanne Nuyen,Hunter Biden found guilty on federal gun charges; Philly’s tribute to Marian Anderson,Hunter Biden was found guilty of three felony charges stemming from his purchase of a handgun in 2018. The Philadelphia Orchestra renames its concert hall after hometown legend Marian Anderson.,https://www.npr.org/2024/06/12/g-s1-4027/up-first-newsletter-hunter-biden-conviction-marian-anderson-philadelphia-orchestra,https://npr.brightspotcdn.com/dims3/default/strip/false/crop/1024x576+0+54/resize/1400/quality/100/format/jpeg/?url=http%3A%2F%2Fnpr-brightspot.s3.amazonaws.com%2F99%2F85%2F3843a4614808a8483556b58bcccf%2Fgettyimages-2156997374.jpg,2024-06-12T12:39:37Z,"Good morning. You're reading the Up First newsletter. Subscribe here to get it delivered to your inbox, and listen to the Up First podcast for all the news you need to start your day.
Today's top st… [+5082 chars]"
,NPR,Suzanne Nuyen,Final words in Trump's hush money trial; South Africans vote in a crucial election,The jury in Trump’s New York trial begins deliberations. South Africans head to the polls in an election that could bring the biggest shift since the end of apartheid.<br>,https://www.npr.org/2024/05/29/g-s1-1502/final-words-in-trumps-hush-money-trial-south-africans-vote-in-a-crucial-election,https://npr.brightspotcdn.com/dims3/default/strip/false/crop/1024x576+0+54/resize/1400/quality/100/format/jpeg/?url=http%3A%2F%2Fnpr-brightspot.s3.amazonaws.com%2F7c%2F2e%2Fb037049049e4a266b70b0abf9823%2Fgettyimages-2154554610.jpg,2024-05-29T12:36:44Z,"Good morning. You're reading the Up First newsletter. Subscribe here to get it delivered to your inbox, and listen to the Up First podcast for all the news you need to start your day.
Today's top st… [+5082 chars]"
,NPR,Suzanne Nuyen,Apple debuts AI features; how plastics became ingrained in our lives,Apple announced several new AI features and a partnership with ChatGPT-maker OpenAI at its Worldwide Developers Conference. How the plastic industry ingrained the material into our lives — and what activists are trying to do about it.,https://www.npr.org/2024/06/11/g-s1-3861/up-first-newsletter-apple-ai-chatgpt-openai-plastic-recycling,https://npr.brightspotcdn.com/dims3/default/strip/false/crop/2876x1618+0+150/resize/1400/quality/100/format/jpeg/?url=http%3A%2F%2Fnpr-brightspot.s3.amazonaws.com%2F37%2Fab%2F1fe3989149aa949c582e9df6b8fc%2Fgettyimages-2156418778.jpg,2024-06-11T12:00:16Z,"Good morning. You're reading the Up First newsletter. Subscribe here to get it delivered to your inbox, and listen to the Up First podcast for all the news you need to start your day.
Today's top st… [+5484 chars]"
,NPR,The Associated Press,G7 summit opens with deal to use Russian assets for Ukraine,"With the U.S., Great Britain and France facing elections in coming months and a rightward shift in European parliamentary elections, there is pressure for leaders to act while the status quo lasts.",https://www.npr.org/2024/06/13/nx-s1-5004432/g7-summit-ukraine-russian-assets,https://npr.brightspotcdn.com/dims3/default/strip/false/crop/8448x4752+0+0/resize/1400/quality/100/format/jpeg/?url=http%3A%2F%2Fnpr-brightspot.s3.amazonaws.com%2F95%2F91%2Fb257134b4bc5884d483bec1e2fdd%2Fap24164543761590.jpg,2024-06-13T06:23:24Z,"BARI, Italy A Group of Seven summit is opening Thursday with agreement on a U.S. proposal to back a $50 billion loan to Ukraine using frozen Russian assets as collateral, giving Kyiv a strong show of… [+6456 chars]"
business-insider,Business Insider,Rebecca Rommen,"Israel's special forces hostage rescue was aided by US intelligence, report says",US intelligence helped Israeli special forces rescue four hostages held captive in Gaza for eight months.,https://www.businessinsider.com/gaza-us-intelligence-helped-israel-plan-rescue-4-hostages-report-2024-6,https://i.insider.com/66657aa9a2a35d0ca37710a0?width=1200&format=jpeg,2024-06-09T11:20:05Z,"L: Civil defense teams and locals investigate the rubble after Israeli attacks on Nuseirat camp in Deir al Balah, Gaza on June 08, 2024.
R: Noa Argamani embraces her father after Israeli forces rescu… [+3078 chars]"
business-insider,Business Insider,Grace Eliza Goodwin,How Israel is using AI to try to get Americans on its side,"Israel conducted a secret influence campaign targeting US lawmakers and civilians to drum up support for its Gaza war,  reports The New York Times.",https://www.businessinsider.com/israel-going-great-lengths-get-americans-on-its-side-2024-6,https://i.insider.com/6660cf94d0b8e1c832cc5483?width=1200&format=jpeg,2024-06-05T21:26:52Z,"Israeli soldiers are seen near the Gaza Strip border in southern Israel on March 4, 2024.AP Photo/Ohad Zwigenberg
<ul><li>Israel ran a secret influence campaign to gain US support for its war in Gaz… [+3003 chars]"
business-insider,Business Insider,Bryan Metzger,The Trump-Biden rematch has incredibly high stakes. Here's why some Americans might not vote anyway.,"Whether it's anger over the war in Gaza or broader dissatisfaction with both Biden and Trump, some people may not cast votes this year.",https://www.businessinsider.com/why-people-wont-vote-trump-biden-rematch,https://i.insider.com/6661bd8e1cd3b1779043caf7?width=1200&format=jpeg,2024-06-09T11:39:01Z,"Some Americans may not vote in November despite the high stakes of this year's election.Luke Hales and Kevin Dietsch/Getty Images
<ul><li>Trump and Biden are set for a rematch this fall, and the sta… [+3632 chars]"
business-insider,Business Insider,Rebecca Rommen,"Israeli special forces disguised themselves as displaced Gazans to infiltrate a refugee camp and rescue 4 hostages, reports say",Israeli soldiers posed as displaced Palestinians to carry out the hostage rescue mission on Saturday.,https://www.businessinsider.com/gaza-israeli-elite-forces-liberated-4-hostages-disguised-palestinians-reports-2024-6,https://i.insider.com/6665b51ee079049018174164?width=1200&format=jpeg,2024-06-12T16:12:32Z,"A Palestinian man inspects the damage a day after the Israeli operation in the Nuseirat camp in the central Gaza Strip on June 9, 2024.EYAD BABA/ Getty Images
<ul><li>Israeli special forces rescued … [+3374 chars]"
business-insider,Business Insider,Bryan Metzger,Is Gaza your top issue? Here's a guide to each 2024 candidate's stance.,Some voters could stay home or cast protest votes over Biden's handling of the war. But Trump would likely be even more supportive of Israel.,https://www.businessinsider.com/how-to-vote-gaza-top-issue-2024-candidate-guide,https://i.insider.com/664f984020abc1efe8fd2318?width=1200&format=jpeg,2024-05-30T11:00:01Z,"Pro-Palestinian demonstrators in Michigan during a visit by President Joe Biden in May.Jeff Kowalsky/AFP via Getty Images
<ul><li>Israel's war in Gaza — and US support for it — has become a major is… [+5837 chars]"
business-insider,Business Insider,Grace Eliza Goodwin,Israel gave Biden his worst news yet: the war in Gaza could last past the election,"Biden has struggled to gain the support of young voters who criticize his support of Israel, and the ongoing war could cost him.",https://www.businessinsider.com/israel-says-war-gaza-last-through-2024-blow-to-biden-2024-5,https://i.insider.com/65b6990343bb77284ba10f45?width=1200&format=jpeg,2024-05-29T21:01:19Z,"President Joe Biden is facing pressure from young progressives over his support of Israel's war in Gaza.Sean Rayford/Getty Images
<ul><li>Israel expects its war against Hamas to last months more — p… [+3820 chars]"
business-insider,Business Insider,Grace Eliza Goodwin,Israeli military knew how Hamas planned to take hostages weeks before October 7: report,"Weeks before the October 7 attack, the IDF had detailed intel on Hamas' plans, Kan News reported, citing an IDF intel document.",https://www.businessinsider.com/israel-knew-hamas-plans-weeks-before-before-oct-7-report-2024-6,https://i.insider.com/66709354ed9a404d829e7887?width=1200&format=jpeg,2024-06-17T21:17:18Z,"Israel soldiers inspect burnt cars at the site of the Hamas attacks on the Nova music festival in southern Israel.Amir Cohen/Reuters
<ul><li>The IDF knew about Hamas' plans to attack just weeks befo… [+2777 chars]"
business-insider,Business Insider,Nathan Rennolds,Militant group releases 2 videos of an Amazon cloud engineer held hostage in Gaza since October 7,"Alexander Troufanov worked as an engineer at Annapurna Labs, a subsidiary of Amazon, before he was abducted, according to his LinkedIn profile.",https://www.businessinsider.com/pij-releases-2-videos-amazon-computer-engineer-hostage-gaza-israel-2024-6,https://i.insider.com/6659bc01d0b8e1c832caa66d?width=1200&format=jpeg,2024-06-01T16:41:48Z,"A screenshot from a video showing Alexander Troufanov.Hostage and Missing Families Forum/X
<ul><li>Palestinian Islamic Jihad released videos of the hostage Alexander Troufanov.</li><li>Troufanov, an… [+4673 chars]"
business-insider,Business Insider,"John L. Dorman,Brent D. Griffiths",Biden says there's 'every reason' for people to think Netanyahu is prolonging the war in Gaza to stay in power,The TIME interview was held before Biden gave a speech spelling out a plan which would lead to a permanent cease-fire and the release of hostages.,https://www.businessinsider.com/biden-netanyahu-israel-hamas-war-ceasefire-plan-2024-6,https://i.insider.com/66572be785e29ef64829c489?width=1200&format=jpeg,2024-06-04T17:18:19Z,"US President Joe Biden shakes hands with Israeli Prime Minister Benjamin Netanyahu.Jim Watson / Getty Images
<ul><li>President Joe Biden said there's 'every reason' to think Netanyahu is prolonging … [+2029 chars]"
business-insider,Business Insider,Rebecca Rommen,"Video that appears to show IDF soldier threatening mutiny in Gaza shared by son of Israeli PM Benjamin Netanyahu, say reports","""Reservist soldiers do not intend to hand the keys over to any Palestinian authority,"" the  alleged reservist said in the video, per reports.",https://www.businessinsider.com/video-alleged-idf-soldier-threatening-gaza-mutiny-shared-netanyahus-son-2024-5,https://i.insider.com/657475197a3c8094d5db68f6?width=1200&format=jpeg,2024-05-26T16:02:18Z,"IDF soldiers ground operation in Gaza.IDF
<ul><li>Benjamin Netanyahu's son shared a video of an alleged masked reservist, reports said.</li><li>His speech appears to threaten a mutiny of IDF soldier… [+3143 chars]"
business-insider,Business Insider,Grace Eliza Goodwin,Top US diplomat says Hamas is moving the goalposts on a cease-fire,"Antony Blinken says Hamas wants to make changes to a proposed ceasefire deal, complicating peace efforts as the 8-month-long war continues.",https://www.businessinsider.com/antony-blinken-hamas-negotiations-new-demands-cease-fire-2024-6,https://i.insider.com/6669d29aed9a404d829cfbb9?width=1200&format=jpeg,2024-06-12T17:19:01Z,"US Secretary of State Antony Blinken.Kent Nishimura/Getty Images
<ul><li>Hamas wants to change the terms of a US-backed ceasefire proposal, says Antony Blinken.</li><li>Israel has already accepted t… [+2739 chars]"
business-insider,Business Insider,Joshua Zitser,Israeli tour guides say leading groups to October 7 terror sites is the only way for them to make money now,"Tour guides like Amit Musaei, a Nova festival survivor, say they have had to shift toward dark tourism to financially survive Israel's tourism drop.",https://www.businessinsider.com/israel-gaza-tour-guides-pivot-october-7-tours-make-money-2024-6,https://i.insider.com/666c3755764df1611259d7b6?width=1200&format=jpeg,2024-06-15T08:38:29Z,"Memorials at the site of the Nova festival attack.Courtesty of Slava Bazarsky
<ul><li>Amit Musaei, who survived the Nova Festival Hamas terror attack, now leads tours to the site.</li><li>BI spoke t… [+5181 chars]"
business-insider,Business Insider,Michael Peck,The US military's confidence in smart bombs may have a fatal flaw,"Precision warfare appeals to America's strengths, but a retired US Army officer argues that its effectiveness is a myth.",https://www.businessinsider.com/us-military-confidence-smart-bombs-may-have-a-fatal-flaw-2024-6,https://i.insider.com/66623016d0b8e1c832ccdaf5?width=1200&format=jpeg,2024-06-08T09:00:01Z,"A US Air Force F-15E Strike Eagle maneuvers during a 2023 bombing exercise.Markus Rauchenberger/US Army
<ul><li>Precision warfare has been a central tenet of American strategy. </li><li>But percepti… [+5727 chars]"
business-insider,Business Insider,Cameron Manley,2 cargo ships caught fire after being hit by projectiles in suspected Houthi attacks off the coast of Yemen,"Two cargo ships were hit by a missile and an unknown projectile suspected to have been fired by Houthi rebels, UK maritime agencies reported.",https://www.businessinsider.com/yemens-houthi-rebels-hit-2-ships-red-sea-missiles-drones-2024-6,https://i.insider.com/66656ff9ed9a404d829bf5ca?width=1200&format=jpeg,2024-06-09T10:26:15Z,"Yemen's Houthi rebels raise their weapons.Mohammed Hamoud
<ul><li>Two cargo ships sailing near Yemen caught fire after being hit by projectiles. </li><li>The missiles are suspected to have been fire… [+3530 chars]"
business-insider,Business Insider,Geoff Weiss,13 pro-Palestine protesters arrested after occupying the office of Stanford's president,"Arrested students will be immediately suspended, and any who are seniors will not be allowed to graduate, Stanford leaders said.",https://www.businessinsider.com/pro-palestine-protesters-arrested-stanford-university-occupying-presidents-office-2024-6,https://i.insider.com/6660b067d0b8e1c832cc3791?width=1200&format=jpeg,2024-06-05T19:46:13Z,Pro-Palestinian students gather on the campus of Wayne State University to protest Vice President Kamala Harris and the Biden administration's support for Israel during her visit to Detroit.Adam J. D… [+1796 chars]
business-insider,Business Insider,John L. Dorman,Trump once backed a TikTok ban. Now he's joined the app as he races Biden for young voters.,"TikTok has roughly 170 million users in the United States, and both Trump and Biden are angling to appeal to its young audience ahead of November.",https://www.businessinsider.com/trump-tiktok-social-media-app-young-voters-biden-2024-6,https://i.insider.com/665cd5151cd3b1779042601e?width=1200&format=jpeg,2024-06-02T20:41:26Z,"Former President Donald Trump speaks during a news conference at Trump Tower.AP Photo/Julia Nikhinson
<ul><li>Trump has joined TikTok — nearly four years after he sought to ban the app in the US as … [+1914 chars]"
business-insider,Business Insider,Rebecca Rommen,Video shows wounded Palestinian man strapped to Israeli military jeep as IDF says soldiers violated protocol,"The United Nations Special Rapporteur on the occupied Palestinian territories said the incident was ""human shielding in action.""",https://www.businessinsider.com/idf-straps-injured-palestinian-military-jeep-israel-west-bank-2024,https://i.insider.com/6678087e50b021b5cae89325?width=1200&format=jpeg,2024-06-23T11:42:39Z,"A screenshot from a video showing a wounded man strapped to an Israeli military jeep.Palestine Red Crescent Society/X
<ul><li>The Israel Defense Forces strapped a wounded Palestinian man to a jeep d… [+2242 chars]"
business-insider,Business Insider,Rebecca Rommen,"A movie about the retired Israeli general who rescued his family on October 7, likened to Liam Neeson's character in 'Taken,' is planne",Leviathan Productions is working on a film about retired Israeli general Noam Tibon's rescue of his family from their kibbutz on October 7.,https://www.businessinsider.com/ex-general-liam-neeson-taken-rescuing-family-hamas-movie-talk-2024-6,https://i.insider.com/66646a47ed9a404d829beab8?width=1200&format=jpeg,2024-06-09T13:46:28Z,"Major General (Res.) Noam Tibon speaks during a rally calling for the release of the remaining hostages a day after the temporary truce ended outside The Museum of Modern Art, known as 'The Hostages … [+2556 chars]"
business-insider,Business Insider,Rebecca Rommen,"Blackstone CEO Steve Schwarzman says he will back Trump, citing concerns over rise in antisemitism","Steve Schwarzman is a billionaire cofounder of Blackstone, the world's largest alternative asset manager.",https://www.businessinsider.com/blackstone-ceo-steve-schwarzman-endorses-donald-trump-2024-5,https://i.insider.com/6651c5fd239fda2da6cbbc18?width=1200&format=jpeg,2024-05-27T17:21:30Z,"Donald Trump and Steve Schwarzman.James Devaney | NurPhoto/ Getty Images
<ul><li>Steve Schwarzman has endorsed Donald Trump's reelection bid.</li><li>It gives the former president backing from one o… [+2110 chars]"
business-insider,Business Insider,Matthew Loh,A Ukrainian brigade appeared to use video game clips to say that it took down a Russian Su-25,The video posted by the 110th shows two planes flying over a virtual field before the camera switches to a frontal view of a Su-25 going down.,https://www.businessinsider.com/ukrainian-brigade-seems-video-game-clips-downed-russian-su-25-2024-5,https://i.insider.com/665028b320abc1efe8fd3c33?width=1200&format=jpeg,2024-05-24T06:58:39Z,"A screenshot of a clip posted by the 110th, which appears to be footage from a video game.110th Mechanized Brigade/Screenshot/Facebook
<ul><li>A Ukrainian brigade announced the destruction of a Russ… [+3114 chars]"
business-insider,Business Insider,Thibault Spirlet,"The US has been 'too passive' with the Houthis in the Red Sea and should go after their leaders, says retired US general","A retired US general said the US has been too passive with the Houthis, letting them dominate the Red Sea, and that it should go after their leaders.",https://www.businessinsider.com/us-passive-red-sea-should-strike-houthi-leaders-retired-general-2024-6,https://i.insider.com/665d98e3d0b8e1c832cb1acc?width=1200&format=jpeg,2024-06-03T12:50:29Z,"Guards during a protest backing the Houthis in Sana'a, Yemen, on March 22, 2024.Photo by Mohammed Hamoud/Getty Images
<ul><li>The US has been ""too passive"" in the Red Sea, a retired US general told … [+3156 chars]"
business-insider,Business Insider,Bryan Metzger,AOC says she 'wouldn't be surprised' if Trump 'threw me in jail' if he wins in 2024,"Ocasio-Cortez argued that ""lock her up"" was Trump's ""motto"" during his 2016 campaign and that his return to power in 2025 would be dangerous.",https://www.businessinsider.com/ocasio-cortez-donald-trump-jail-if-he-wins-2024-6,https://i.insider.com/66620357cc442a2f676ec4f2?width=1200&format=jpeg,2024-06-06T19:35:13Z,"Rep. Alexandria Ocasio-Cortez and former President Donald Trump.AP Photo/Bryan Woolston and LM Otero
<ul><li>AOC suggested that Trump could jail her if he wins the presidency again.</li><li>""It soun… [+2638 chars]"
business-insider,Business Insider,Amanda Goh,A Boston college blames pro-Palestinian student protests for lower enrollment,"However, declining college enrollment rates can also be due to the changing sentiments of the younger generation towards higher education.",https://www.businessinsider.com/boston-college-emerson-pro-palestinian-student-protests-lower-enrollment-2024-6,https://i.insider.com/667396ee087acd2be9b4f0e7?width=1200&format=jpeg,2024-06-20T04:44:55Z,"Emerson was one of several Boston-area colleges that saw pro-Palestinian protests earlier this year.JOSEPH PREZIOSO/AFP via Getty Images
<ul><li>Emerson College in Boston says student protests have … [+3087 chars]"
business-insider,Business Insider,Cameron Manley,"Houthi rebel footage appears to show a downed US Reaper drone worth $30 million. It marked the third loss in a month, a report said.","Houthi rebels downed another US MQ-9 Reaper drone in Yemen, AP said, putting debates surrounding the drone's cost and efficiency in the spotlight.",https://www.businessinsider.com/houthis-downed-3rd-us-reaper-drone-worth-30m-1-month-2024-5,https://i.insider.com/6659f064d0b8e1c832cac2e4?width=1200&format=jpeg,2024-06-01T10:44:54Z,"An image appears to show an MQ-9 reaper drone that Yemen's Houthi rebels claimed they downed.Twitter
<ul><li>Houthi rebels say they downed a US MQ-9 Reaper drone in Yemen, the third lost in May, AP … [+4237 chars]"
business-insider,Business Insider,Paul Iddon,Cannons and machine guns are being tested as drone-killers in 2 wars,Israel and Ukraine are at the forefront of efforts to find cost-effective weapons to down low-flying drones.,https://www.businessinsider.com/two-wars-test-cannons-and-machine-guns-as-drone-killers-2024-6,https://i.insider.com/665e1ea8cc442a2f676d81d3?width=1200&format=jpeg,2024-06-03T19:57:11Z,"Ukrainian troops use a German-made Gepard anti-aircraft gun tank in Odessa region to shoot down drones and other aerial threats.Kay Nietfeld/Getty Images
<ul><li>Israel is considering mounting rotar… [+5916 chars]"
business-insider,Business Insider,John L. Dorman,Trump thinks he can peel voters away from Biden in Democratic-heavy Philadelphia. Here's how he plans to do it.,Trump thinks Philadelphia can help him flip Pennsylvania back into his column. But Biden sees the state as a central to his reelection bid.,https://www.businessinsider.com/trump-biden-philadelphia-pennsylvania-rally-black-swing-voters-2024-6,https://i.insider.com/6677232fd1c84a0eaca6e9f4?width=1200&format=jpeg,2024-06-22T20:24:53Z,"Former President Donald Trump speaks to supporters during a rally in Pennsylvania.Jeff Swensen/Getty Images
<ul><li>Trump on Saturday is headlining a rally at Temple University in deep blue Philadel… [+3978 chars]"
business-insider,Business Insider,Chris Panella,The US Air Force says the military's new dogfighting AI fighter jet pilot is making 'dramatic' advances from one test to the next,"The development of autonomous pilots is moving faster than the Air Force had expected, as a flight last month showed.",https://www.businessinsider.com/us-militarys-ai-fighter-jet-pilot-making-dramatic-advances-officer-2024-6,https://i.insider.com/66743287087acd2be9b50295?width=1200&format=jpeg,2024-06-20T17:05:12Z,"Secretary of the Air Force Frank Kendall flies in an X-62A VISTA in the skies above Edwards Air Force Base, Calif., May 2, 2024.US Air Force photo by Richard Gonzales
<ul><li>The US military has bee… [+6793 chars]"
business-insider,Business Insider,Hallie Lieberman,"The chancellor, his porn films, and the battle for America's soul",Joe Gow and Carmen Wilson filmed themselves having sex with porn stars. Their university was not pleased.,https://www.businessinsider.com/professors-turned-porn-stars-free-speech-campus-battle-wisconsin-2024-6,https://i.insider.com/66635e4bed9a404d829bd79f?width=1200&format=jpeg,2024-06-16T10:00:01Z,"Joe Gow and Carmen Wilson pursued porn as a hobby. Now they're fighting a battle over academic freedom.Simone Lueck for BI
As I'm eating roti in a booth with Joe Gow and his wife, Carmen Wilson, a m… [+25851 chars]"
,Yahoo Entertainment,Mahmoud Issa,"In Gaza, Palestinians return to a shelter scarred by war","Palestinian Umm Mohammed Khrouat says she would rather live in a tent than the school where she is forced to shelter with her five children in northern Gaza,...",https://www.yahoo.com/news/gaza-palestinians-return-shelter-scarred-132307744.html,https://media.zenfs.com/en/reuters.com/5f127cfd4705e8b0344cb992c6acc3a0,2024-06-03T13:23:07Z,"By Mahmoud Issa
JABALIA, Gaza Strip (Reuters) - Palestinian Umm Mohammed Khrouat says she would rather live in a tent than the school where she is forced to shelter with her five children in norther… [+2434 chars]"
,Yahoo Entertainment,WSJ,Israel Says It Rescued Four Hostages Held in Gaza,"Israeli military officials said the four rescued hostages are in good medical condition. Including this operation, seven hostages have been rescued alive...",https://finance.yahoo.com/video/israel-says-rescued-four-hostages-144500166.html,https://s.yimg.com/ny/api/res/1.2/RuVm_tJQoMR1qnqxdkmqkA--/YXBwaWQ9aGlnaGxhbmRlcjt3PTEyMDA7aD02NzU-/https://media.zenfs.com/en/wall_street_journal_733/ec8ad086e2576af19839adbb92fb1767,2024-06-08T14:45:00Z,"Israeli military officials said the four rescued hostages are in good medical condition. Including this operation, seven hostages have been rescued alive since the start of the war. Photo: Marko Djur… [+10 chars]"
,Yahoo Entertainment,,Hamas says it captured Israeli soldiers in Gaza; Israel denies,,https://consent.yahoo.com/v2/collectConsent?sessionId=1_cc-session_0eac67b1-4d9c-448d-b542-ba73892e159c,,2024-05-25T22:18:44Z,"If you click 'Accept all', we and our partners, including 238 who are part of the IAB Transparency &amp; Consent Framework, will also store and/or access information on a device (in other words, use … [+678 chars]"
,Yahoo Entertainment,,"Israel pounds central Gaza camps, deepens invasion of Rafah",,https://consent.yahoo.com/v2/collectConsent?sessionId=1_cc-session_1921c7ba-416d-4bf8-a87b-da2f2a9cd96e,,2024-06-20T07:56:53Z,"If you click 'Accept all', we and our partners, including 237 who are part of the IAB Transparency &amp; Consent Framework, will also store and/or access information on a device (in other words, use … [+678 chars]"
,Yahoo Entertainment,Anders Hagstrom,BEFORE AND AFTER: Photos show destruction of Biden's $320M Gaza pier,Newly released images show the remains of a $320 million temporary pier built to transfer aid into Gaza by the U.S.,https://www.yahoo.com/news/photos-show-destruction-bidens-320m-165435880.html,https://s.yimg.com/ny/api/res/1.2/E86ajZ1XdoQiHhF8Ar6vtQ--/YXBwaWQ9aGlnaGxhbmRlcjt3PTEyMDA7aD03NjM-/https://media.zenfs.com/en/fox_news_text_979/ce95c76a2b03cfa2e2c2de8f5e210cee,2024-05-29T16:54:35Z,"Fox News Digital has obtained satellite images showing the now-destroyed temporary pier the U.S. military installed on the coast of Gaza earlier this month.
The $320 million structure lasted roughly… [+1699 chars]"
,Yahoo Entertainment,WAFAA SHURAFA and SAMY MAGDY,"Israeli army says it used small munitions in Rafah airstrike, and fire was caused by secondary blast","DEIR AL-BALAH, Gaza Strip (AP) — The Israeli military says an initial investigation into a strike that sparked a deadly weekend fire in a tent camp in the...",https://www.yahoo.com/news/israeli-strikes-kill-16-rafah-101826660.html,https://s.yimg.com/ny/api/res/1.2/.OxJlfTivK9lPnK1hw4AgA--/YXBwaWQ9aGlnaGxhbmRlcjt3PTEyMDA7aD04MDA-/https://media.zenfs.com/en/ap.org/ff70f8b65e64cbd82d6923bdf7e624f2,2024-05-28T10:18:26Z,"DEIR AL-BALAH, Gaza Strip (AP) The Israeli military says an initial investigation into a strike that sparked a deadly weekend fire in a tent camp in the southern Gaza city of Rafah has found the blaz… [+5434 chars]"
politico,Politico,Associated Press,Israeli strike kills at least 33 at UN school in Gaza the military claims was being used by Hamas,It was the latest instance of mass casualties among Palestinians trying to find refuge as Israel expands its offensives in the Gaza Strip.,https://www.politico.com/news/2024/06/06/israeli-strike-un-school-gaza-hamas-00162003,https://s.yimg.com/ny/api/res/1.2/9hyKsqq.cb70h.YadKYMWg--/YXBwaWQ9aGlnaGxhbmRlcjt3PTEyMDA7aD04MDA-/https://media.zenfs.com/en/politico_453/309d0a5dcc62455efedeb37ff95db294,2024-06-06T12:56:40Z,"An Israeli strike early Thursday on a school sheltering displaced Palestinians in central Gaza killed more than 30 people, including 23 women and children, according to local health officials. The Is… [+6538 chars]"
,Yahoo Entertainment,Greg Norman,Mother of rescued Hamas hostage says son described 'strange rules' while in captivity,"The mother of recently-rescued Israeli hostage Andrey Kozlov says he son told her that Hamas made captives live by ""very strange rules"" in the Gaza Strip.",https://www.yahoo.com/news/mother-rescued-hamas-hostage-says-111625309.html,https://s.yimg.com/ny/api/res/1.2/7ebJlzd3WYd2gb0GluQTAA--/YXBwaWQ9aGlnaGxhbmRlcjt3PTEyMDA7aD02NzU-/https://media.zenfs.com/en/fox_news_text_979/4716be69d56c6da6b51d247da6c43f94,2024-06-13T11:16:25Z,"The mother of one of the four Hamas hostages rescued by Israeli forces during a special operation over the weekend says her son has described to her ""very strange rules"" the Palestinian terrorists ma… [+2588 chars]"